id,voice,persona,mode,moment,tier,tags,priority,text,match,delivery,max_sec,target,source
coach.page.mirror.cue.01,coach,COACH,Mirror,page.mirror.cue,,,P1,Press the floor apart with your feet — knees travel out over your second toes.,,"calm, exact, warm; one breath, never rushed; a first cue: friendly, specific",6.5,public/audio/voice/v1/coach/coach.json#page.mirror.cue.01,lib/babylon/nexus/neuro-mirror/rules/cue-engine.ts
coach.page.mirror.cue.02,coach,COACH,Mirror,page.mirror.cue,,,P1,"Still drifting. Spread the floor apart with your feet — all the way down, all the way up.",,"calm, exact, warm; one breath, never rushed; the second time: firmer, still kind",7.7,public/audio/voice/v1/coach/coach.json#page.mirror.cue.02,lib/babylon/nexus/neuro-mirror/rules/cue-engine.ts
coach.page.mirror.cue.03,coach,COACH,Mirror,page.mirror.cue,,,P1,Hold the bottom. Breathe. Own the position before you move again.,,"calm, exact, warm; one breath, never rushed; a reset: slow, reassuring",5.2,public/audio/voice/v1/coach/coach.json#page.mirror.cue.03,lib/babylon/nexus/neuro-mirror/rules/cue-engine.ts
coach.page.mirror.cue.04,coach,COACH,Mirror,page.mirror.cue,,,P1,Stay heavy on the floor through the whole foot — heels stay down as you sit.,,"calm, exact, warm; one breath, never rushed; a first cue: friendly, specific",6.9,public/audio/voice/v1/coach/coach.json#page.mirror.cue.04,lib/babylon/nexus/neuro-mirror/rules/cue-engine.ts
coach.page.mirror.cue.05,coach,COACH,Mirror,page.mirror.cue,,,P1,Still lifting. Sit slower and keep the floor under your heels — the depth can wait.,,"calm, exact, warm; one breath, never rushed; the second time: firmer, still kind",6.9,public/audio/voice/v1/coach/coach.json#page.mirror.cue.05,lib/babylon/nexus/neuro-mirror/rules/cue-engine.ts
coach.page.mirror.cue.06,coach,COACH,Mirror,page.mirror.cue,,,P1,"Stop the set. Ankle rocks against the wall, ten each side, then we go again.",,"calm, exact, warm; one breath, never rushed; a reset: slow, reassuring",6.9,public/audio/voice/v1/coach/coach.json#page.mirror.cue.06,lib/babylon/nexus/neuro-mirror/rules/cue-engine.ts
coach.page.mirror.cue.07,coach,COACH,Mirror,page.mirror.cue,,,P1,"Sink straight down the middle, square to the camera — shoulders stay over the centre of your stance.",,"calm, exact, warm; one breath, never rushed; a first cue: friendly, specific",7.7,public/audio/voice/v1/coach/coach.json#page.mirror.cue.07,lib/babylon/nexus/neuro-mirror/rules/cue-engine.ts
coach.page.mirror.cue.08,coach,COACH,Mirror,page.mirror.cue,,,P1,Still drifting to one side. Slow the descent and press evenly into the ground under both feet.,,"calm, exact, warm; one breath, never rushed; the second time: firmer, still kind",7.7,public/audio/voice/v1/coach/coach.json#page.mirror.cue.08,lib/babylon/nexus/neuro-mirror/rules/cue-engine.ts
coach.page.mirror.cue.09,coach,COACH,Mirror,page.mirror.cue,,,P1,"Hold the top. Reset your stance, breathe twice, then descend only as far as you stay centred.",,"calm, exact, warm; one breath, never rushed; a reset: slow, reassuring",7.7,public/audio/voice/v1/coach/coach.json#page.mirror.cue.09,lib/babylon/nexus/neuro-mirror/rules/cue-engine.ts
coach.page.mirror.cue.10,coach,COACH,Mirror,page.mirror.cue,,,P1,Fifty-fifty. Don't travel — split the floor between both feet.,,"calm, exact, warm; one breath, never rushed; a first cue: friendly, specific",4.4,public/audio/voice/v1/coach/coach.json#page.mirror.cue.10,lib/babylon/nexus/neuro-mirror/rules/cue-engine.ts
coach.page.mirror.cue.11,coach,COACH,Mirror,page.mirror.cue,,,P1,"You're sliding off centre. Freeze at the bottom — find the middle, then rise.",,"calm, exact, warm; one breath, never rushed; the second time: firmer, still kind",6.1,public/audio/voice/v1/coach/coach.json#page.mirror.cue.11,lib/babylon/nexus/neuro-mirror/rules/cue-engine.ts
coach.page.mirror.cue.12,coach,COACH,Mirror,page.mirror.cue,,,P1,"Stop. Reset your tripod, and give me a half-squat with no travel.",,"calm, exact, warm; one breath, never rushed; a reset: slow, reassuring",5.6,public/audio/voice/v1/coach/coach.json#page.mirror.cue.12,lib/babylon/nexus/neuro-mirror/rules/cue-engine.ts
coach.page.mirror.cue.13,coach,COACH,Mirror,page.mirror.cue,,,P1,"Own the bottom — sit to about chair height, then push the floor away.",,"calm, exact, warm; one breath, never rushed; a first cue: friendly, specific",6.1,public/audio/voice/v1/coach/coach.json#page.mirror.cue.13,lib/babylon/nexus/neuro-mirror/rules/cue-engine.ts
coach.page.mirror.cue.14,coach,COACH,Mirror,page.mirror.cue,,,P1,Deeper. Slow the way down and sit into it — then explode.,,"calm, exact, warm; one breath, never rushed; the second time: firmer, still kind",5.2,public/audio/voice/v1/coach/coach.json#page.mirror.cue.14,lib/babylon/nexus/neuro-mirror/rules/cue-engine.ts
coach.page.mirror.cue.15,coach,COACH,Mirror,page.mirror.cue,,,P1,"Box squat: sit to a chair height, touch, and stand tall. Depth before speed.",,"calm, exact, warm; one breath, never rushed; a reset: slow, reassuring",6.5,public/audio/voice/v1/coach/coach.json#page.mirror.cue.15,lib/babylon/nexus/neuro-mirror/rules/cue-engine.ts
coach.page.mirror.cue.16,coach,COACH,Mirror,page.mirror.cue,,,P1,"Keep the handle's path low — row it to your back pocket, press it straight out at the wall.",,"calm, exact, warm; one breath, never rushed; a first cue: friendly, specific",8.1,public/audio/voice/v1/coach/coach.json#page.mirror.cue.16,lib/babylon/nexus/neuro-mirror/rules/cue-engine.ts
coach.page.mirror.cue.17,coach,COACH,Mirror,page.mirror.cue,,,P1,"Still climbing. Aim the handle at your back pocket on the row, and straight at the wall ahead on the press.",,"calm, exact, warm; one breath, never rushed; the second time: firmer, still kind",9.4,public/audio/voice/v1/coach/coach.json#page.mirror.cue.17,lib/babylon/nexus/neuro-mirror/rules/cue-engine.ts
coach.page.mirror.cue.18,coach,COACH,Mirror,page.mirror.cue,,,P1,Half speed and a lighter handle — row to your back pocket until the path stays low.,,"calm, exact, warm; one breath, never rushed; a reset: slow, reassuring",7.3,public/audio/voice/v1/coach/coach.json#page.mirror.cue.18,lib/babylon/nexus/neuro-mirror/rules/cue-engine.ts
coach.page.mirror.cue.19,coach,COACH,Mirror,page.mirror.cue,,,P1,"Pull the handle back toward the wall behind you, not up toward the ceiling.",,"calm, exact, warm; one breath, never rushed; a first cue: friendly, specific",6.5,public/audio/voice/v1/coach/coach.json#page.mirror.cue.19,lib/babylon/nexus/neuro-mirror/rules/cue-engine.ts
coach.page.mirror.cue.20,coach,COACH,Mirror,page.mirror.cue,,,P1,"Still riding up. Let the handle pull your arm long first, then row it back to your pocket.",,"calm, exact, warm; one breath, never rushed; the second time: firmer, still kind",8.1,public/audio/voice/v1/coach/coach.json#page.mirror.cue.20,lib/babylon/nexus/neuro-mirror/rules/cue-engine.ts
coach.page.mirror.cue.21,coach,COACH,Mirror,page.mirror.cue,,,P1,"Reset with a lighter handle. Let it hang from a long arm for two seconds, then row.",,"calm, exact, warm; one breath, never rushed; a reset: slow, reassuring",7.7,public/audio/voice/v1/coach/coach.json#page.mirror.cue.21,lib/babylon/nexus/neuro-mirror/rules/cue-engine.ts
coach.page.mirror.cue.22,coach,COACH,Mirror,page.mirror.cue,,,P1,Stand tall toward the ceiling — shoulders stay stacked over your hips.,,"calm, exact, warm; one breath, never rushed; a first cue: friendly, specific",5.2,public/audio/voice/v1/coach/coach.json#page.mirror.cue.22,lib/babylon/nexus/neuro-mirror/rules/cue-engine.ts
coach.page.mirror.cue.23,coach,COACH,Mirror,page.mirror.cue,,,P1,"Still leaning off to one side. Exhale fully, grow tall toward the ceiling, then go.",,"calm, exact, warm; one breath, never rushed; the second time: firmer, still kind",6.9,public/audio/voice/v1/coach/coach.json#page.mirror.cue.23,lib/babylon/nexus/neuro-mirror/rules/cue-engine.ts
coach.page.mirror.cue.24,coach,COACH,Mirror,page.mirror.cue,,,P1,"Stop. Ninety-ninety breathing, three breaths, then we rebuild the rep.",,"calm, exact, warm; one breath, never rushed; a reset: slow, reassuring",4.8,public/audio/voice/v1/coach/coach.json#page.mirror.cue.24,lib/babylon/nexus/neuro-mirror/rules/cue-engine.ts
coach.page.mirror.cue.25,coach,COACH,Mirror,page.mirror.cue,,,P1,There it is. Own it.,,"calm, exact, warm; one breath, never rushed; praise: warm, a small lift",2.7,public/audio/voice/v1/coach/coach.json#page.mirror.cue.25,lib/babylon/nexus/neuro-mirror/rules/cue-engine.ts
coach.page.mirror.framing.01,coach,COACH,Mirror,page.mirror.framing,,,P1,Step into the shot — I cannot see you yet.,,"calm, exact, warm; one breath, never rushed",4.4,public/audio/voice/v1/coach/coach.json#page.mirror.framing.01,lib/mirror/framing.ts
coach.page.mirror.framing.02,coach,COACH,Mirror,page.mirror.framing,,,P1,Your feet are out of shot. Tilt the phone down or step back.,,"calm, exact, warm; one breath, never rushed",6.1,public/audio/voice/v1/coach/coach.json#page.mirror.framing.02,lib/mirror/framing.ts
coach.page.mirror.framing.03,coach,COACH,Mirror,page.mirror.framing,,,P1,Your head is out of shot. Tilt the phone up or step back.,,"calm, exact, warm; one breath, never rushed",6.1,public/audio/voice/v1/coach/coach.json#page.mirror.framing.03,lib/mirror/framing.ts
coach.page.mirror.framing.04,coach,COACH,Mirror,page.mirror.framing,,,P1,Turn and face the camera square-on — I read your knees from the front.,,"calm, exact, warm; one breath, never rushed",6.1,public/audio/voice/v1/coach/coach.json#page.mirror.framing.04,lib/mirror/framing.ts
coach.page.mirror.framing.05,coach,COACH,Mirror,page.mirror.framing,,,P1,Step back a couple of paces so your whole body stays in shot when you squat.,,"calm, exact, warm; one breath, never rushed",7.3,public/audio/voice/v1/coach/coach.json#page.mirror.framing.05,lib/mirror/framing.ts
coach.page.mirror.framing.06,coach,COACH,Mirror,page.mirror.framing,,,P1,Come forward a little — you are far enough away that I am guessing.,,"calm, exact, warm; one breath, never rushed",6.1,public/audio/voice/v1/coach/coach.json#page.mirror.framing.06,lib/mirror/framing.ts
coach.page.mirror.framing.07,coach,COACH,Mirror,page.mirror.framing,,,P1,Move to the middle of the shot.,,"calm, exact, warm; one breath, never rushed",3.6,public/audio/voice/v1/coach/coach.json#page.mirror.framing.07,lib/mirror/framing.ts
coach.page.mirror.framing.08,coach,COACH,Mirror,page.mirror.framing,,,P1,"More light, or a plainer background — I am losing track of you.",,"calm, exact, warm; one breath, never rushed",5.6,public/audio/voice/v1/coach/coach.json#page.mirror.framing.08,lib/mirror/framing.ts
coach.page.mirror.framing.09,coach,COACH,Mirror,page.mirror.framing,,,P1,Turn side-on to the camera.,,"calm, exact, warm; one breath, never rushed",2.7,public/audio/voice/v1/coach/coach.json#page.mirror.framing.09,lib/mirror/framing.ts
coach.page.mirror.framing.10,coach,COACH,Mirror,page.mirror.framing,,,P1,Square up to the camera — I read your knees from the front.,,"calm, exact, warm; one breath, never rushed",5.6,public/audio/voice/v1/coach/coach.json#page.mirror.framing.10,lib/mirror/squatStage.ts
coach.page.mirror.framing.11,coach,COACH,Mirror,page.mirror.framing,,,P1,"Sit a little deeper if you can — I count a squat when your hips drop. Shallow ones still count from here, marked shallow.",,"calm, exact, warm; one breath, never rushed",10.2,public/audio/voice/v1/coach/coach.json#page.mirror.framing.11,lib/mirror/squatStage.ts
coach.page.mirror.jump.01,coach,COACH,Mirror,page.mirror.jump,,,P1,Not counted: the camera never saw you land. Keep your feet in the shot and go again.,,"calm, exact, warm; one breath, never rushed",7.7,public/audio/voice/v1/coach/coach.json#page.mirror.jump.01,lib/irl/dunkTracker.ts
coach.page.mirror.jump.02,coach,COACH,Mirror,page.mirror.jump,,,P1,"Not counted: that read over one hundred thirty centimetres, so the camera lost your feet. Go again.","Not counted: that read over 130 cm, so the camera lost your feet. Go again.","calm, exact, warm; one breath, never rushed",7.7,public/audio/voice/v1/coach/coach.json#page.mirror.jump.02,lib/irl/dunkTracker.ts
coach.page.mirror.jump.03,coach,COACH,Mirror,page.mirror.jump,,,P1,That is the number to beat.,,"calm, exact, warm; one breath, never rushed; the second half of ""<number> cm. That is the number to beat."" (the number is composed)",3.1,public/audio/voice/v1/coach/coach.json#page.mirror.jump.03,lib/irl/dunkProgress.ts
coach.page.mirror.jump.04,coach,COACH,Mirror,page.mirror.jump,,,P1,Your best.,,"calm, exact, warm; one breath, never rushed; the second half of ""<number> cm. Your best."" (the number is composed): proud",1.5,public/audio/voice/v1/coach/coach.json#page.mirror.jump.04,lib/irl/dunkProgress.ts
coach.page.mirror.screen.01,coach,COACH,Mirror,page.mirror.screen,,,P1,"Turn all the way around, back to the camera. Feet about hip-width, toes pointing straight ahead. Look straight ahead.",,"calm, exact, warm; one breath, never rushed",8.6,public/audio/voice/v1/coach/coach.json#page.mirror.screen.01,lib/mirror/screen.ts
coach.page.mirror.screen.02,coach,COACH,Mirror,page.mirror.screen,,,P1,Turn and face the camera. Same stance — do not fix anything.,,"calm, exact, warm; one breath, never rushed",5.2,public/audio/voice/v1/coach/coach.json#page.mirror.screen.02,lib/mirror/screen.ts
coach.page.mirror.screen.03,coach,COACH,Mirror,page.mirror.screen,,,P1,"Stay facing me. Hands on the sides of your lower ribs, and take one easy breath in and out. Two quick questions about it at the end.",,"calm, exact, warm; one breath, never rushed",11.9,public/audio/voice/v1/coach/coach.json#page.mirror.screen.03,lib/mirror/screen.ts
coach.page.mirror.screen.04,coach,COACH,Mirror,page.mirror.screen,,,P1,Turn side-on — left shoulder to the camera. Look straight ahead.,,"calm, exact, warm; one breath, never rushed",4.8,public/audio/voice/v1/coach/coach.json#page.mirror.screen.04,lib/mirror/screen.ts
coach.page.mirror.screen.05,coach,COACH,Mirror,page.mirror.screen,,,P1,"Face me. Stand on your left leg, other knee up to hip height, arms by your sides.",,"calm, exact, warm; one breath, never rushed",7.7,public/audio/voice/v1/coach/coach.json#page.mirror.screen.05,lib/mirror/screen.ts
coach.page.mirror.screen.06,coach,COACH,Mirror,page.mirror.screen,,,P1,Now the right leg. Same thing — thirty seconds.,,"calm, exact, warm; one breath, never rushed",4.0,public/audio/voice/v1/coach/coach.json#page.mirror.screen.06,lib/mirror/screen.ts
coach.page.mirror.screen.07,coach,COACH,Mirror,page.mirror.screen,,,P1,"Stay side-on. If a coach is with you, they can check the pelvis now.",,"calm, exact, warm; one breath, never rushed",6.5,public/audio/voice/v1/coach/coach.json#page.mirror.screen.07,lib/mirror/screen.ts
coach.page.mirror.screen.08,coach,COACH,Mirror,page.mirror.screen,,,P1,Sit tall and rotate to each side as far as is comfortable.,,"calm, exact, warm; one breath, never rushed",5.6,public/audio/voice/v1/coach/coach.json#page.mirror.screen.08,lib/mirror/screen.ts
coach.page.mirror.screen.09,coach,COACH,Mirror,page.mirror.screen,,,P1,Face the camera.,,"calm, exact, warm; one breath, never rushed",1.9,public/audio/voice/v1/coach/coach.json#page.mirror.screen.09,lib/mirror/screen.ts
coach.page.mirror.screen.10,coach,COACH,Mirror,page.mirror.screen,,,P1,Turn side-on — left shoulder to the camera.,,"calm, exact, warm; one breath, never rushed",3.6,public/audio/voice/v1/coach/coach.json#page.mirror.screen.10,lib/mirror/screen.ts
coach.page.mirror.screen.11,coach,COACH,Mirror,page.mirror.screen,,,P1,"Turn all the way around, back to the camera.",,"calm, exact, warm; one breath, never rushed",4.4,public/audio/voice/v1/coach/coach.json#page.mirror.screen.11,lib/mirror/screen.ts
coach.page.mirror.screen.12,coach,COACH,Mirror,page.mirror.screen,,,P1,Good. Next one.,,"calm, exact, warm; one breath, never rushed",1.9,public/audio/voice/v1/coach/coach.json#page.mirror.screen.12,lib/mirror/screenRunner.ts
coach.page.mirror.screen.13,coach,COACH,Mirror,page.mirror.screen,,,P1,That one wasn't read. Next one.,,"calm, exact, warm; one breath, never rushed",3.1,public/audio/voice/v1/coach/coach.json#page.mirror.screen.13,lib/mirror/screenRunner.ts
coach.page.mirror.screen.14,coach,COACH,Mirror,page.mirror.screen,,,P1,Part of that one was read. Next one.,,"calm, exact, warm; one breath, never rushed",4.0,public/audio/voice/v1/coach/coach.json#page.mirror.screen.14,lib/mirror/screenRunner.ts
coach.page.mirror.screen.15,coach,COACH,Mirror,page.mirror.screen,,,P1,That is the screen done.,,"calm, exact, warm; one breath, never rushed",2.7,public/audio/voice/v1/coach/coach.json#page.mirror.screen.15,lib/mirror/screenRunner.ts
coach.page.mirror.screen.16,coach,COACH,Mirror,page.mirror.screen,,,P1,I couldn't read that one — once more.,,"calm, exact, warm; one breath, never rushed; said before a fix line (composed)",3.6,public/audio/voice/v1/coach/coach.json#page.mirror.screen.16,lib/mirror/screenRunner.ts
coach.page.mirror.screen.17,coach,COACH,Mirror,page.mirror.screen,,,P1,Face the way the cue says for this one.,,"calm, exact, warm; one breath, never rushed",4.4,public/audio/voice/v1/coach/coach.json#page.mirror.screen.17,lib/mirror/stationGraders.ts
coach.page.mirror.screen.18,coach,COACH,Mirror,page.mirror.screen,,,P1,Stay in the shot for the whole count.,,"calm, exact, warm; one breath, never rushed",4.0,public/audio/voice/v1/coach/coach.json#page.mirror.screen.18,lib/mirror/stationGraders.ts
coach.page.mirror.screen.19,coach,COACH,Mirror,page.mirror.screen,,,P1,"Keep your whole body in the shot, feet included.",,"calm, exact, warm; one breath, never rushed",4.4,public/audio/voice/v1/coach/coach.json#page.mirror.screen.19,lib/mirror/stationGraders.ts
coach.page.mirror.screen.20,coach,COACH,Mirror,page.mirror.screen,,,P1,"More light if you can, and nothing in front of your legs.",,"calm, exact, warm; one breath, never rushed",5.6,public/audio/voice/v1/coach/coach.json#page.mirror.screen.20,lib/mirror/stationGraders.ts
coach.page.mirror.screen.21,coach,COACH,Mirror,page.mirror.screen,,,P1,"Stand tall, and prop the phone upright.",,"calm, exact, warm; one breath, never rushed",3.6,public/audio/voice/v1/coach/coach.json#page.mirror.screen.21,lib/mirror/stationGraders.ts
coach.page.mirror.screen.22,coach,COACH,Mirror,page.mirror.screen,,,P1,Come a little closer to the phone.,,"calm, exact, warm; one breath, never rushed",3.6,public/audio/voice/v1/coach/coach.json#page.mirror.screen.22,lib/mirror/stationGraders.ts
coach.page.mirror.screen.23,coach,COACH,Mirror,page.mirror.screen,,,P1,Hold still in the shot for the whole count.,,"calm, exact, warm; one breath, never rushed",4.4,public/audio/voice/v1/coach/coach.json#page.mirror.screen.23,lib/mirror/stationGraders.ts
coach.page.mirror.screen.24,coach,COACH,Mirror,page.mirror.screen,,,P1,"Hold as still as you can, with more light if you have it.",,"calm, exact, warm; one breath, never rushed",6.1,public/audio/voice/v1/coach/coach.json#page.mirror.screen.24,lib/mirror/stationGraders.ts
coach.page.mirror.screen.25,coach,COACH,Mirror,page.mirror.screen,,,P1,Lift the free knee and hold it up.,,"calm, exact, warm; one breath, never rushed",4.0,public/audio/voice/v1/coach/coach.json#page.mirror.screen.25,lib/mirror/stationGraders.ts
coach.page.mirror.screen.26,coach,COACH,Mirror,page.mirror.screen,,,P1,Get onto one leg as soon as the count starts.,,"calm, exact, warm; one breath, never rushed",4.8,public/audio/voice/v1/coach/coach.json#page.mirror.screen.26,lib/mirror/stationGraders.ts
coach.page.mirror.screen.27,coach,COACH,Mirror,page.mirror.screen,,,P1,Stand on the leg the cue names.,,"calm, exact, warm; one breath, never rushed",3.6,public/audio/voice/v1/coach/coach.json#page.mirror.screen.27,lib/mirror/stationGraders.ts
coach.page.mirror.screen.28,coach,COACH,Mirror,page.mirror.screen,,,P1,"Close other apps and keep the phone plugged in, so it can keep up.",,"calm, exact, warm; one breath, never rushed",6.5,public/audio/voice/v1/coach/coach.json#page.mirror.screen.28,lib/mirror/stationGraders.ts
coach.page.mirror.screen.29,coach,COACH,Mirror,page.mirror.screen,,,P1,"Toes pointing straight ahead, both feet the same.",,"calm, exact, warm; one breath, never rushed",4.0,public/audio/voice/v1/coach/coach.json#page.mirror.screen.29,lib/mirror/stationGraders.ts
coach.page.mirror.screen.30,coach,COACH,Mirror,page.mirror.screen,,,P1,Keep the phone the same way round for the whole count.,,"calm, exact, warm; one breath, never rushed",5.2,public/audio/voice/v1/coach/coach.json#page.mirror.screen.30,lib/mirror/stationGraders.ts
coach.page.mirror.screen.31,coach,COACH,Mirror,page.mirror.screen,,,P1,Step back so your head and your feet are both in the shot.,,"calm, exact, warm; one breath, never rushed",6.1,public/audio/voice/v1/coach/coach.json#page.mirror.screen.31,lib/mirror/stationGraders.ts
coach.page.mirror.screen.32,coach,COACH,Mirror,page.mirror.screen,,,P1,"Stay side-on and look straight ahead, the way your toes point.",,"calm, exact, warm; one breath, never rushed",5.2,public/audio/voice/v1/coach/coach.json#page.mirror.screen.32,lib/mirror/stationGraders.ts
coach.page.mirror.screen.33,coach,COACH,Mirror,page.mirror.screen,,,P1,Stand on your left leg.,,"calm, exact, warm; one breath, never rushed",2.7,public/audio/voice/v1/coach/coach.json#page.mirror.screen.33,lib/mirror/stationGraders.ts
coach.page.mirror.screen.34,coach,COACH,Mirror,page.mirror.screen,,,P1,Stand on your right leg.,,"calm, exact, warm; one breath, never rushed",2.7,public/audio/voice/v1/coach/coach.json#page.mirror.screen.34,lib/mirror/stationGraders.ts
coach.page.assess.01,coach,COACH,Quick Screen,page.assess,,,P1,Hold that.,,"calm, exact, warm; one breath, never rushed",1.5,public/audio/voice/v1/coach/coach.json#page.assess.01,lib/assess/runner.ts
coach.page.assess.02,coach,COACH,Quick Screen,page.assess,,,P1,"Stand still, arms down, while I measure you. Three, two, one.",,"calm, exact, warm; one breath, never rushed",5.2,public/audio/voice/v1/coach/coach.json#page.assess.02,lib/screen/copy.ts
coach.page.assess.03,coach,COACH,Quick Screen,page.assess,,,P1,Three.,3,"calm, exact, warm; one breath, never rushed; the countdown: even, one per second",1.1,public/audio/voice/v1/coach/coach.json#page.assess.03,lib/assess/runner.ts
coach.page.assess.04,coach,COACH,Quick Screen,page.assess,,,P1,Two.,2,"calm, exact, warm; one breath, never rushed; the countdown: even, one per second",1.1,public/audio/voice/v1/coach/coach.json#page.assess.04,lib/assess/runner.ts
coach.page.assess.05,coach,COACH,Quick Screen,page.assess,,,P1,One.,1,"calm, exact, warm; one breath, never rushed; the countdown: even, one per second",1.1,public/audio/voice/v1/coach/coach.json#page.assess.05,lib/assess/runner.ts
coach.page.assess.06,coach,COACH,Quick Screen,page.assess,,,P1,Lost you for a moment — trying this move once more.,,"calm, exact, warm; one breath, never rushed",4.8,public/audio/voice/v1/coach/coach.json#page.assess.06,lib/assess/runner.ts
coach.page.assess.07,coach,COACH,Quick Screen,page.assess,,,P1,"Take your time. Walk back into the shot when you're ready.",,"calm, exact, warm; one breath, never rushed; said once the restart cap is reached, then silence until framing returns",4.4,public/audio/voice/v1/coach/coach.json#page.assess.07,lib/screen/copy.ts
coach.page.assess.08,coach,COACH,Quick Screen,page.assess,,,P1,"Turn side-on, right side to the camera.",,"calm, exact, warm; one breath, never rushed",3.6,public/audio/voice/v1/coach/coach.json#page.assess.08,lib/assess/protocol.ts
coach.page.assess.09,coach,COACH,Quick Screen,page.assess,,,P1,"Turn side-on, left side to the camera.",,"calm, exact, warm; one breath, never rushed",3.6,public/audio/voice/v1/coach/coach.json#page.assess.09,lib/assess/protocol.ts
coach.page.assess.10,coach,COACH,Quick Screen,page.assess,,,P1,Step back into the light.,,"calm, exact, warm; one breath, never rushed",2.7,public/audio/voice/v1/coach/coach.json#page.assess.10,lib/screen/copy.ts
coach.page.assess.11,coach,COACH,Quick Screen,page.assess,,,P1,"Stand still facing the camera, whole body in the shot, for three seconds.",,"calm, exact, warm; one breath, never rushed",6.1,public/audio/voice/v1/coach/coach.json#page.assess.11,lib/assess/calibration.ts
coach.page.assess.12,coach,COACH,Quick Screen,page.assess,,,P1,"Step back so your whole body, head to feet, is in the shot.",,"calm, exact, warm; one breath, never rushed",6.1,public/audio/voice/v1/coach/coach.json#page.assess.12,lib/assess/calibration.ts
coach.page.assess.13,coach,COACH,Quick Screen,page.assess,,,P1,"Hold still for a moment, arms by your sides.",,"calm, exact, warm; one breath, never rushed",4.4,public/audio/voice/v1/coach/coach.json#page.assess.13,lib/assess/calibration.ts
coach.page.assess.14,coach,COACH,Quick Screen,page.assess,,,P1,Turn side-on and stand still for two seconds.,,"calm, exact, warm; one breath, never rushed",4.0,public/audio/voice/v1/coach/coach.json#page.assess.14,lib/assess/calibration.ts
coach.page.assess.15,coach,COACH,Quick Screen,page.assess,,,P1,Hold still for a moment.,,"calm, exact, warm; one breath, never rushed",2.7,public/audio/voice/v1/coach/coach.json#page.assess.15,lib/assess/calibration.ts
coach.page.assess.16,coach,COACH,Quick Screen,page.assess,,,P1,"Overhead squat, facing the camera. Feet about shoulder-width, arms straight overhead. Squat as deep as you can, three times, at your own pace.",,"calm, exact, warm; one breath, never rushed; a move's setup: clear, unhurried, a beat between sentences",10.2,public/audio/voice/v1/coach/coach.json#page.assess.16,lib/assess/runner.ts
coach.page.assess.17,coach,COACH,Quick Screen,page.assess,,,P1,"Now side-on, left side to the camera. Same overhead squat, three times.",,"calm, exact, warm; one breath, never rushed; a move's setup: clear, unhurried, a beat between sentences",5.6,public/audio/voice/v1/coach/coach.json#page.assess.17,lib/assess/runner.ts
coach.page.assess.18,coach,COACH,Quick Screen,page.assess,,,P1,"Ankle range, left leg. Left side to the camera, left foot forward toward a wall. Step one foot forward, heel flat. Drive that knee forward as far as it goes with the heel down, then back. Three times.",,"calm, exact, warm; one breath, never rushed; a move's setup: clear, unhurried, a beat between sentences",16.5,public/audio/voice/v1/coach/coach.json#page.assess.18,lib/assess/runner.ts
coach.page.assess.19,coach,COACH,Quick Screen,page.assess,,,P1,"Now the right leg. Turn around so your right side faces the camera, right foot forward.",,"calm, exact, warm; one breath, never rushed; a move's setup: clear, unhurried, a beat between sentences",7.3,public/audio/voice/v1/coach/coach.json#page.assess.19,lib/assess/runner.ts
coach.page.assess.20,coach,COACH,Quick Screen,page.assess,,,P1,"Single-leg squat on your left leg, facing the camera. Stand on one leg, the other foot just off the floor, hands on your hips. Squat down about a third of the way, three times.",,"calm, exact, warm; one breath, never rushed; a move's setup: clear, unhurried, a beat between sentences",14.8,public/audio/voice/v1/coach/coach.json#page.assess.20,lib/assess/runner.ts
coach.page.assess.21,coach,COACH,Quick Screen,page.assess,,,P1,"Now on your right leg. Same thing, three times.",,"calm, exact, warm; one breath, never rushed; a move's setup: clear, unhurried, a beat between sentences",4.4,public/audio/voice/v1/coach/coach.json#page.assess.21,lib/assess/runner.ts
coach.page.assess.22,coach,COACH,Quick Screen,page.assess,,,P1,"Jump. Hands on your hips the whole time. Dip and jump as high as you can, land, and stand still. Three jumps.",,"calm, exact, warm; one breath, never rushed; a move's setup: clear, unhurried, a beat between sentences",9.8,public/audio/voice/v1/coach/coach.json#page.assess.22,lib/assess/runner.ts
coach.page.proveit.01,coach,COACH,Prove It,page.proveit,,,P1,Go when ready,,"warm, quick, encouraging; a court-side call",1.9,public/audio/voice/v1/coach/coach.json#page.proveit.01,lib/session-setup/voice.ts
coach.page.proveit.02,coach,COACH,Prove It,page.proveit,,,P1,Next up!,,"hyped, short: the next athlete steps up (their name is on screen)",1.5,public/audio/voice/v1/coach/coach.json#page.proveit.02,lib/session-setup/voice.ts
coach.coach.space.intro.03,coach,COACH,Movement play,coach.space.intro,,,P2,"Let's get you set up. Step back until I can see you head to toe, with room around you.",,"calm, exact, warm; one breath, never rushed",8.6,public/audio/voice/v1/coach/coach.json#coach.space.intro.03,
coach.coach.space.left.03,coach,COACH,Movement play,coach.space.left,,,P2,A small step left.,,"calm, exact, warm; one breath, never rushed",2.3,public/audio/voice/v1/coach/coach.json#coach.space.left.03,
coach.coach.space.right.03,coach,COACH,Movement play,coach.space.right,,,P2,A small step right.,,"calm, exact, warm; one breath, never rushed; hyped, short",2.3,public/audio/voice/v1/coach/coach.json#coach.space.right.03,
coach.coach.space.feet.03,coach,COACH,Movement play,coach.space.feet,,,P2,"Feet in the picture, please.",,"calm, exact, warm; one breath, never rushed",2.7,public/audio/voice/v1/coach/coach.json#coach.space.feet.03,
coach.coach.space.arms.03,coach,COACH,Movement play,coach.space.arms,,,P2,Arms up high for the headroom check.,,"calm, exact, warm; one breath, never rushed",3.6,public/audio/voice/v1/coach/coach.json#coach.space.arms.03,
coach.coach.space.still.03,coach,COACH,Movement play,coach.space.still,,,P2,Hold still for just a second.,,"calm, exact, warm; one breath, never rushed",3.1,public/audio/voice/v1/coach/coach.json#coach.space.still.03,
